{
	"info": {
		"_postman_id": "7495dce4-48b2-4d06-bd74-cf1caf1a3285",
		"name": "3. Conditional Filter (Where)",
		"description": "A filter may consist of one or more conditions, which are combined using the `And`or `Or` operators. Each condition consists of a property path, an operator, and a value.\n\nThese filters directly define each condition.\n\n[https://weaviate.io/developers/weaviate/api/graphql/filters](https://weaviate.io/developers/weaviate/api/graphql/filters)\n\n<img src=\"https://content.pstmn.io/09a41a62-eb33-4c25-a8af-1380104af878/eHgucG5n\">",
		"schema": "https://schema.getpostman.com/json/collection/v2.1.0/collection.json",
		"_exporter_id": "8067986"
	},
	"item": [
		{
			"name": "A. Exact Match (And)",
			"request": {
				"auth": {
					"type": "bearer",
					"bearer": [
						{
							"key": "token",
							"value": "",
							"type": "string"
						}
					]
				},
				"method": "POST",
				"header": [
					{
						"key": "Content-Type",
						"value": "application/json",
						"type": "text",
						"uuid": "c6142374-ecc3-42b0-94f0-4c0fbcfc9b66"
					},
					{
						"key": "Authorization",
						"value": "Bearer {{WEAVIATE_API_KEY}}",
						"type": "text",
						"uuid": "916ecad8-c610-42dc-a3c7-f9236f5d623b"
					},
					{
						"key": "X-OpenAI-Api-Key",
						"value": "{{OPENAI_API_KEY}}",
						"type": "text",
						"uuid": "d61526ee-03c6-4fe6-953e-1e5865f9cda1"
					}
				],
				"body": {
					"mode": "raw",
					"raw": "{ \"query\": \"{ Get { Book( limit: 10 where: { operator: And, operands: [ { path: [\\\"title\\\"], operator: Equal, valueText: \\\"murder\\\", }, { path: [\\\"description\\\"], operator: Equal, valueText: \\\"express\\\", }, ] } ) { title description } } }\" }"
				},
				"url": {
					"raw": "{{URL_TO_WEAVIATE}}",
					"host": [
						"{{URL_TO_WEAVIATE}}"
					]
				},
				"description": "Match two (or more) fields with a phrase exactly. All conditions need to be met.\n\n<img src=\"https://content.pstmn.io/d234c107-27a1-4348-9603-fbf109ac4828/eHgucG5n\" width=\"586\" height=\"796\">"
			},
			"response": []
		},
		{
			"name": "B. Exact Match (Or)",
			"request": {
				"auth": {
					"type": "bearer",
					"bearer": [
						{
							"key": "token",
							"value": "",
							"type": "string"
						}
					]
				},
				"method": "POST",
				"header": [
					{
						"key": "Content-Type",
						"value": "application/json",
						"type": "text",
						"uuid": "335edce4-3e26-4322-98ff-f02b3d281ebf"
					},
					{
						"key": "Authorization",
						"value": "Bearer {{WEAVIATE_API_KEY}}",
						"type": "text",
						"uuid": "1b3afd04-d1ab-4ed1-8907-a00f96af5fd3"
					},
					{
						"key": "X-OpenAI-Api-Key",
						"value": "{{OPENAI_API_KEY}}",
						"type": "text",
						"uuid": "68aeaf29-97d2-4f0c-a2df-3c84e380c28e"
					}
				],
				"body": {
					"mode": "raw",
					"raw": "{ \"query\": \"{ Get { Book( limit: 10 where: { operator: Or, operands: [ { path: [\\\"title\\\"], operator: Equal, valueText: \\\"murder\\\", }, { path: [\\\"description\\\"], operator: Equal, valueText: \\\"express\\\", }, ] } ) { title description } } }\" }"
				},
				"url": {
					"raw": "{{URL_TO_WEAVIATE}}",
					"host": [
						"{{URL_TO_WEAVIATE}}"
					]
				},
				"description": "Match any one field with a phrase exactly. Only one condition needs to be met.\n\n<img src=\"https://content.pstmn.io/0a448b95-9deb-4ec4-88a2-7ee0f54f5310/eHgucG5n\" alt=\"\" height=\"792\" width=\"586\">"
			},
			"response": []
		},
		{
			"name": "C. Exact Match (Wildcard)",
			"request": {
				"auth": {
					"type": "bearer",
					"bearer": [
						{
							"key": "token",
							"value": "",
							"type": "string"
						}
					]
				},
				"method": "POST",
				"header": [
					{
						"key": "Content-Type",
						"value": "application/json",
						"type": "text",
						"uuid": "96cc1a4f-dfc1-4686-a76a-443f8286a0c1"
					},
					{
						"key": "Authorization",
						"value": "Bearer {{WEAVIATE_API_KEY}}",
						"type": "text",
						"uuid": "beee5fb4-9ea9-42ba-b9fe-2c43d7e875bc"
					},
					{
						"key": "X-OpenAI-Api-Key",
						"value": "{{OPENAI_API_KEY}}",
						"type": "text",
						"uuid": "3e4a9c88-dabd-43a1-9731-34cc10c161ab"
					}
				],
				"body": {
					"mode": "raw",
					"raw": "{ \"query\": \"{ Get { Book(where: { path: [\\\"title\\\"], operator: Like, valueText: \\\"* various *\\\" }) { title description } } }\" }"
				},
				"url": {
					"raw": "{{URL_TO_WEAVIATE}}",
					"host": [
						"{{URL_TO_WEAVIATE}}"
					]
				},
				"description": "Match field with a pre or post wildcard (\"\\*\" for one-to-many, \"?\" for one).\n\n<img src=\"https://content.pstmn.io/58b6b39b-1361-4b00-b1eb-3abf63badd25/eHgucG5n\" alt=\"\">"
			},
			"response": []
		}
	],
	"event": [
		{
			"listen": "prerequest",
			"script": {
				"type": "text/javascript",
				"packages": {},
				"exec": [
					""
				]
			}
		},
		{
			"listen": "test",
			"script": {
				"type": "text/javascript",
				"packages": {},
				"exec": [
					""
				]
			}
		}
	],
	"variable": [
		{
			"key": "OPENAI_API_KEY",
			"value": "sk-proj-INSERT_YOUR_KEY",
			"type": "string"
		},
		{
			"key": "WEAVIATE_API_KEY",
			"value": "n6mdfI32xrXF3DH76i8Pwc2IajzLZop2igb6",
			"type": "string"
		},
		{
			"key": "URL_TO_WEAVIATE",
			"value": "https://zxzyqcyksbw7ozpm5yowa.c0.us-west2.gcp.weaviate.cloud/v1/graphql",
			"type": "string"
		}
	]
}