{
	"info": {
		"_postman_id": "03f05d1d-dfc1-41e1-83a6-af01842cef1f",
		"name": "6. Miscellaneous",
		"description": "Various scenarios and use cases.\n\n- Sort\n    \n- Aggregate Count by Grouping\n    \n\n[https://weaviate.io/developers/weaviate/search/aggregate](https://weaviate.io/developers/weaviate/search/aggregate)",
		"schema": "https://schema.getpostman.com/json/collection/v2.1.0/collection.json",
		"_exporter_id": "8067986"
	},
	"item": [
		{
			"name": "A. Sort",
			"request": {
				"auth": {
					"type": "bearer",
					"bearer": [
						{
							"key": "token",
							"value": "",
							"type": "string"
						}
					]
				},
				"method": "POST",
				"header": [
					{
						"key": "Content-Type",
						"value": "application/json",
						"type": "text",
						"uuid": "403ce2b4-4032-48c6-8bc3-8fcbaa9a9ce1"
					},
					{
						"key": "Authorization",
						"value": "Bearer {{WEAVIATE_API_KEY}}",
						"type": "text",
						"uuid": "52d9130d-dd75-435d-8851-07dc53b606f9"
					},
					{
						"key": "X-OpenAI-Api-Key",
						"value": "{{OPENAI_API_KEY}}",
						"type": "text",
						"uuid": "3d43658c-767f-4b79-a6a9-9c183369ec63"
					}
				],
				"body": {
					"mode": "raw",
					"raw": "{ \"query\": \"{Get {Book(limit: 50 sort: { path: [\\\"title\\\"] order: asc }  nearText: {concepts: [\\\"Search for mysteries set in Western Europe.\\\"]} ) {title description _additional {certainty distance}}}}\" }"
				},
				"url": {
					"raw": "{{URL_TO_WEAVIATE}}",
					"host": [
						"{{URL_TO_WEAVIATE}}"
					]
				},
				"description": "Sort a field ascending or descending.\n\n<img src=\"https://content.pstmn.io/c76a1857-2d5a-433d-b307-571b7d9bbeea/eHgucG5n\" alt=\"\">"
			},
			"response": []
		},
		{
			"name": "B. Aggregate Count",
			"request": {
				"auth": {
					"type": "bearer",
					"bearer": [
						{
							"key": "token",
							"value": "",
							"type": "string"
						}
					]
				},
				"method": "POST",
				"header": [
					{
						"key": "Content-Type",
						"value": "application/json",
						"type": "text",
						"uuid": "20d7543e-d389-4b97-82b8-be65722fd196"
					},
					{
						"key": "Authorization",
						"value": "Bearer {{WEAVIATE_API_KEY}}",
						"type": "text",
						"uuid": "fb435929-e23a-4135-b965-d437941b9c4b"
					},
					{
						"key": "X-OpenAI-Api-Key",
						"value": "{{OPENAI_API_KEY}}",
						"type": "text",
						"uuid": "dea3a900-591d-4c2b-a014-3d8bf4ea1817"
					}
				],
				"body": {
					"mode": "raw",
					"raw": "{ \"query\": \"{ Aggregate { Book(groupBy: \\\"categories\\\") { groupedBy { value } meta { count } } } }\" }"
				},
				"url": {
					"raw": "{{URL_TO_WEAVIATE}}",
					"host": [
						"{{URL_TO_WEAVIATE}}"
					]
				},
				"description": "Total count of records grouped by a property.\n\n<img src=\"https://content.pstmn.io/763282ed-7e6f-45ac-a25c-024fdef099a1/eHgucG5n\" alt=\"\">"
			},
			"response": []
		}
	],
	"event": [
		{
			"listen": "prerequest",
			"script": {
				"type": "text/javascript",
				"packages": {},
				"exec": [
					""
				]
			}
		},
		{
			"listen": "test",
			"script": {
				"type": "text/javascript",
				"packages": {},
				"exec": [
					""
				]
			}
		}
	],
	"variable": [
		{
			"key": "OPENAI_API_KEY",
			"value": "sk-proj-INSERT_YOUR_KEY",
			"type": "string"
		},
		{
			"key": "WEAVIATE_API_KEY",
			"value": "n6mdfI32xrXF3DH76i8Pwc2IajzLZop2igb6",
			"type": "string"
		},
		{
			"key": "URL_TO_WEAVIATE",
			"value": "https://zxzyqcyksbw7ozpm5yowa.c0.us-west2.gcp.weaviate.cloud/v1/graphql",
			"type": "string"
		}
	]
}